Phrasal Verb,Definition,Source
ask out,to invite someone on a romantic date,Built-in
back down,to withdraw from a position or argument,Built-in
back up,to support someone; to make a copy of data,Built-in
blow up,to explode; to become very angry,Built-in
break away,to escape or leave a group suddenly,Built-in
break down,to stop functioning; to lose emotional control,Built-in
break into,to enter a place by force; to start doing suddenly,Built-in
break off,to end something suddenly,Built-in
break out,to escape; to begin suddenly,Built-in
break up,to end a relationship; to separate into pieces,Built-in
bring about,to cause something to happen,Built-in
bring back,to return something; to remind of the past,Built-in
bring forward,to move an event to an earlier time,Built-in
bring up,to mention a topic; to raise a child,Built-in
burn out,to exhaust oneself through overwork,Built-in
call back,to return a phone call,Built-in
call off,to cancel something that was planned,Built-in
call up,to telephone someone,Built-in
calm down,to become less agitated or upset,Built-in
carry on,to continue doing something,Built-in
catch on,to understand; to become popular,Built-in
catch up,to reach the same level as others,Built-in
check in,to register at a hotel or airport,Built-in
check out,to leave a hotel; to examine something closely,Built-in
clean up,to tidy a place,Built-in
clear out,to empty a space of its contents,Built-in
close down,to cease operation permanently,Built-in
come across,to find or meet someone by chance,Built-in
come back,to return to a place,Built-in
come down,to decrease; to travel south,Built-in
come in,to enter a place; to arrive,Built-in
come out,to be published; to reveal one's identity,Built-in
come up with,to think of an idea or plan,Built-in
count on,to rely on someone or something,Built-in
cross out,to draw a line through something to cancel it,Built-in
cut back,to reduce spending or consumption,Built-in
cut down,to reduce the amount of something; to fell a tree,Built-in
cut off,to stop abruptly; to interrupt someone,Built-in
cut out,to stop doing something; to remove by cutting,Built-in
deal with,to handle or take action about something,Built-in
die out,to become extinct or gradually disappear,Built-in
do away with,to abolish or eliminate something,Built-in
do up,to fasten clothing; to renovate a building,Built-in
draw up,to prepare a formal document,Built-in
drop out,to leave school or a course before finishing,Built-in
eat out,to have a meal in a restaurant,Built-in
end up,to reach a final state or place unexpectedly,Built-in
face up to,to accept and deal with something difficult,Built-in
fall apart,to break into pieces; to fail completely,Built-in
fall behind,to fail to keep pace with others,Built-in
fall out,to quarrel with someone; to have a disagreement,Built-in
feel up to,to feel capable of doing something,Built-in
figure out,to understand or find a solution to something,Built-in
fill in,to complete a form; to substitute for someone,Built-in
find out,to discover or learn new information,Built-in
get across,to communicate an idea successfully,Built-in
get ahead,to make progress or succeed in life,Built-in
get along,to have a good relationship with someone,Built-in
get away,to escape; to go on a short holiday,Built-in
get back,to return to a place; to recover something,Built-in
get by,to manage with limited money or resources,Built-in
get down,to depress someone; to descend from something,Built-in
get in,to enter a vehicle or building; to arrive,Built-in
get off,to leave a vehicle; to avoid punishment,Built-in
get on,to board a vehicle; to make progress; to have a good relationship,Built-in
get out,to leave a place; to escape,Built-in
get over,to recover from an illness or disappointment,Built-in
get through,to finish a task; to make contact with someone,Built-in
get up,to rise from bed; to stand up,Built-in
give away,to give something for free; to reveal a secret,Built-in
give back,to return something to its owner,Built-in
give in,to stop resisting; to surrender,Built-in
give out,to distribute to a group; to run out of energy,Built-in
give up,to stop trying; to quit something,Built-in
go ahead,to proceed with a plan or action,Built-in
go back,to return to a place or previous topic,Built-in
go down,to decrease; to be remembered in history,Built-in
go off,to explode; to ring an alarm; to go bad,Built-in
go on,to continue; to happen or take place,Built-in
go out,to leave the house to socialise; to be extinguished,Built-in
go over,to review or examine something carefully,Built-in
go through,to experience difficulty; to examine thoroughly,Built-in
go up,to increase in amount; to be constructed,Built-in
grow on,to become more liked or appreciated over time,Built-in
grow up,to develop from a child into an adult,Built-in
hang on,to wait a moment; to hold something tightly,Built-in
hand in,to submit work or an assignment,Built-in
hang up,to end a phone call; to hang clothing on a hook,Built-in
have on,to be wearing something; to have something planned,Built-in
head off,to intercept; to prevent something from happening,Built-in
hold back,to restrain oneself or someone else; to hesitate,Built-in
hold on,to wait; to grip something tightly,Built-in
hold up,to delay; to rob; to remain strong under pressure,Built-in
hurry up,to move or act more quickly,Built-in
keep away,to stay or make someone stay at a distance,Built-in
keep on,to continue doing something persistently,Built-in
keep up,to maintain the same speed or standard,Built-in
knock out,to make someone unconscious by a blow,Built-in
leave out,to omit or not include something,Built-in
let down,to disappoint someone who trusted you,Built-in
let in,to allow someone to enter a place,Built-in
let out,to release someone; to make a garment larger,Built-in
light up,to illuminate a place; to brighten with happiness,Built-in
line up,to arrange in a row; to queue,Built-in
live up to,to meet expectations or standards set,Built-in
look after,to take care of a person or thing,Built-in
look around,to explore or examine an area,Built-in
look at,to direct one's gaze at something,Built-in
look forward to,to anticipate something with pleasure,Built-in
look into,to investigate or research something,Built-in
look out,to be careful; to watch for danger,Built-in
look up,to search for information; to improve,Built-in
make out,to manage; to understand; to see with difficulty,Built-in
make over,to completely change the appearance of something,Built-in
make up,to invent a story; to reconcile after a quarrel,Built-in
meet up,to meet someone by prior arrangement,Built-in
mix up,to confuse two things; to blend together,Built-in
move on,to stop dwelling on the past and progress forward,Built-in
open up,to become less reserved; to start operating,Built-in
pass out,to faint; to hand something to several people,Built-in
pay back,to repay money or a favour owed,Built-in
pay off,to repay a debt fully; to yield good results,Built-in
phase out,to gradually discontinue something,Built-in
pick up,to collect someone; to learn a skill informally,Built-in
play down,to make something seem less important than it is,Built-in
point out,to draw attention to a fact or problem,Built-in
pull off,to succeed in doing something difficult,Built-in
put away,to store something in its proper place,Built-in
put back,to return something to its original place,Built-in
put down,to place something on a surface; to criticise,Built-in
put off,to postpone; to cause dislike or loss of interest,Built-in
put on,to dress in clothing; to pretend; to gain weight,Built-in
put out,to extinguish a fire; to inconvenience someone,Built-in
put up with,to tolerate something or someone unpleasant,Built-in
read out,to read something aloud to others,Built-in
run away,to flee from a place or person,Built-in
run into,to meet someone unexpectedly,Built-in
run out of,to use all of something so none remains,Built-in
save up,to accumulate money gradually over time,Built-in
set off,to begin a journey; to cause something to start,Built-in
set up,to arrange or establish something,Built-in
show off,to boast about or display something proudly,Built-in
shut down,to stop a machine or operation,Built-in
sort out,to resolve a problem or organise things neatly,Built-in
speed up,to go or do something faster,Built-in
stand out,to be clearly noticeable or better than others,Built-in
step down, to leave a responsability or to resign from a position,Built-in
sum up,to summarise the main points of something,Built-in
take off,to remove clothing; to become suddenly successful,Built-in
talk over,to discuss a problem or a plan with someone before you make a final decision,Built-in
take on, to accept a responsability,Built-in
take over, too get a control,Built-in
turn down,to reject an offer; to lower the volume,Built-in
wear out,to exhaust someone; to make unusable through use,Built-in
work out,to exercise; to calculate; to result successfully,Built-in